<?xml version="1.0" encoding="utf-8"?>
<metafile version="3.6" client="administrator">
	<name>Dutch (NL)</name>
	<version>3.6.3</version>
	<creationDate>Oktober 2016</creationDate>
	<author>Dutch Translation Team</author>
	<authorEmail>taal@joomlacommunity.eu</authorEmail>
	<authorUrl>http://joomlacommunity.eu</authorUrl>
	<copyright>Copyright (C) 2005 - 2016 Dutch Translation Team en Open Source Matters. All rights reserved.</copyright>
	<license>GNU General Public License version 2 or later; see LICENSE.txt</license>
	<description><![CDATA[Nederlands taalbestand Joomla! 3.6 (admin)]]></description>
	<metadata>
		<name>Dutch (NL)</name>
		<tag>nl-NL</tag>
		<rtl>0</rtl>
		<locale>nl_NL.utf-8, nl_NL.utf8, nl_NL.UTF-8,nl_NL, nl_NL.UTF-8@euro, nld_NLD, dutch, dutch-nl, nl, netherlands, nl_NL@euro, nl_NL.ISO8859-1, dut-NL, dut_BE, dutch-be, belgium</locale>
		<firstDay>1</firstDay>
		<weekEnd>0,6</weekEnd>
	</metadata>
	<params />
</metafile>
